,Guest_country,Room_info,Nights_stayed,Date of stay,Travel_type,Positive_reviews,Negative_reviews,Grade,Title
0,Switzerland,Twin Room,1 night ,July 2020,Solo traveler,Â Uniquely designed rooms. Excellent breakfast,,10,Exceptional
1,Poland,Twin Room,2 nights ,February 2021,Solo traveler,"Â - Very good location.
- Nice, clean rooms, a bath tube in the bathroom (if you like that).
- Polite staff.
- Comfy beds.
- Good WiFi.
- Smoking cabin inside the hotel so no smokers next to the entrance.","Â - Quite loud AC, cannot be turned off for some reason.
- Lots of snow on the pathway/entrance. Was removed on the next day though.
- A bit expensive parking lot (which was almost empty).",8.0,Good hotel in a great location!
2,Poland,Double Room,1 night ,December 2020,Couple,Â Beds are extremely comfortable and the view of the city from room is gorgeous. Worthy,,10,Perfect view and super comfy bed!
3,Poland,Twin Room,1 night ,November 2020,Solo traveler,"Â Very kind and proffesional persone;. I could only tell  that I booked it for one night, when I realized that I need to stay in WrocÅ‚aw for additional overnight my first choice was HP  Park Plaza",,9.0,I will be back here.
4,Ireland,Double Room,3 nights ,November 2020,Couple,Â The Hotel is in perfect location. Lovely view and great price for the stay 3 nights. Thank you very much for over all. See you next time...,,10,Exceptional
5,Netherlands,Double Room Plus River View,3 nights ,October 2020,Couple,Â The front desk clerk and the staff in general were simply amazing.,,10,Exceptional
6,Turkey,Double Room,2 nights ,October 2020,Couple,Â Room was super clean and disinfected everyday. Bed was extremely comfortable nice river view. Everything was great highly recommended,Â Nothing,10,Exceptional
7,Poland,Double Room,1 night ,July 2020,Group,"Â good location, great stay",Â everything was great,9.0,Wonderful
8,Netherlands,Double Room Plus River View,1 night ,September 2020,Couple,Â How the room looks like and the view,Â Nothing,10,Exceptional
9,United Kingdom,Double Room,4 nights ,September 2020,Solo traveler,"Â A very nice hotel 
Very comfortable 
Formal business like 
Good service",Â Nothing,8.0,Very comfortable
10,Switzerland,Twin Room,1 night ,July 2020,Solo traveler,Â Uniquely designed rooms. Excellent breakfast,,10,Exceptional
11,Poland,Twin Room,2 nights ,February 2021,Solo traveler,"Â - Very good location.
- Nice, clean rooms, a bath tube in the bathroom (if you like that).
- Polite staff.
- Comfy beds.
- Good WiFi.
- Smoking cabin inside the hotel so no smokers next to the entrance.","Â - Quite loud AC, cannot be turned off for some reason.
- Lots of snow on the pathway/entrance. Was removed on the next day though.
- A bit expensive parking lot (which was almost empty).",8.0,Good hotel in a great location!
12,Poland,Double Room,1 night ,December 2020,Couple,Â Beds are extremely comfortable and the view of the city from room is gorgeous. Worthy,,10,Perfect view and super comfy bed!
13,Poland,Twin Room,1 night ,November 2020,Solo traveler,"Â Very kind and proffesional persone;. I could only tell  that I booked it for one night, when I realized that I need to stay in WrocÅ‚aw for additional overnight my first choice was HP  Park Plaza",,9.0,I will be back here.
14,Ireland,Double Room,3 nights ,November 2020,Couple,Â The Hotel is in perfect location. Lovely view and great price for the stay 3 nights. Thank you very much for over all. See you next time...,,10,Exceptional
15,Netherlands,Double Room Plus River View,3 nights ,October 2020,Couple,Â The front desk clerk and the staff in general were simply amazing.,,10,Exceptional
16,Turkey,Double Room,2 nights ,October 2020,Couple,Â Room was super clean and disinfected everyday. Bed was extremely comfortable nice river view. Everything was great highly recommended,Â Nothing,10,Exceptional
17,Poland,Double Room,1 night ,July 2020,Group,"Â good location, great stay",Â everything was great,9.0,Wonderful
18,Netherlands,Double Room Plus River View,1 night ,September 2020,Couple,Â How the room looks like and the view,Â Nothing,10,Exceptional
19,United Kingdom,Double Room,4 nights ,September 2020,Solo traveler,"Â A very nice hotel 
Very comfortable 
Formal business like 
Good service",Â Nothing,8.0,Very comfortable
20,Poland,Double Room,1 night ,September 2020,Couple,"Â Location, cleanliness , comfort and breakfast. Friendliness of staff",,10,Comfy hotel in the heart of Wroclaw
21,United Kingdom,Double Room,6 nights ,July 2020,Family,Â Great location in the city.  Nice rooms.  Good food.  Thereâ€™s a large playground for children just over the bridge.,Â The WiFi doesnâ€™t work reliably if you are at the end of the building.  If you stay in a room by the lift itâ€™s noisy.,8.0,Mostly good
22,Czech Republic,Single Room,1 night ,August 2020,Solo traveler,"Â Perfect stay, very comfortable.",,9.0,Wonderful
23,United Kingdom,Double Room,1 night ,September 2020,Family,Â Quietness!!!! Lovely views. Responsive and kind staff.,Â Overpriced breakfast.,8.0,Will come back again
24,Poland,Double Room,2 nights ,August 2020,Couple,"Â Location - super
Easy to find
Comfortable.","Â Underground car park cramped - although we didn't need to use it during our stay, only on arrival and departure.
Staff need to be better informed about getting around in WrocÅ‚aw.",9.0,A great place for a visit to WrocÅ‚aw.
25,Hungary,Double Room,3 nights ,August 2020,Couple,"Â Hotel is located near the river with awesome view. Rynek/center is within walking distance (or lime-ride distance) 
Minibar was loaded with good stuffs. Room was clean in general.","Â Parking system could be better for hotel residents - to avoid dealing with parking tickets & activation on each leave.
Protip: Make sure you only pay parking on check-out to avoid any unnecessary overpay.
Please let the cleaner staff know to not start vacuum cleaning nearby in case there is a guest in the room still.",8.0,Very Good
26,United Kingdom,Twin Room,3 nights ,August 2020,Group,"Â Location was good, short walk to the square. Staff were pleasant.",,10,Few Days Stay
27,United Kingdom,Twin Room,3 nights ,August 2020,Group,Â Hotel Very clean. Friendly staff.,Â Internal stairways would have been more comfortable than using the emergency stairways.,9.0,Wonderful
28,Germany,Double Room,1 night ,August 2020,Couple,"Â Nice room
Nice view
Very good",Â Parking was a bit pricy,9.0,Wonderful
29,Luxembourg,Double Room Plus River View,1 night ,August 2020,Couple,"Â We had a room facing the river, on the 4th floor. All perfect, the room was clean and modern, quiet as we wanted it to be. The restaurant is good, bery well maintained and respecting anti-covid mesures: limited self service, all waiters wearing the masks, strict hygiene, some products sealed in plastic (like a portion of fruit salad). Overall, great experience, we were very pleased. In addition, it's super central, right next to the oldtown and Oder river. Wasn't overcrowded.","Â I personally dislike the hotels with closed sealed windows, when you can't open it, and are forced to rely on the AC. I don't like sleeping with AC turned on, as it gets easily too cold, and you can catch something. This is a big disadvantage, the night sleep was very mediocre.",9.0,Wonderful
30,United Kingdom,Twin Room,3 nights ,August 2020,Couple,"Â Everything was great . Very well located , comfortable room , polite and professional service. Highly recommended. Good value for money",,10,Excellent stay
31,Czech Republic,Double Room,2 nights ,August 2020,Couple,"Â Hotel is easy to find, its realy great dominant building, has a very good location closing to city center. I lived in 4.floor with beatiful view on the river Odra (perfect on the evening). The room was clean and spacious. Bathroom is nice with a bathtube. TV has good channels, plus one channel just only about Wroclaw and hotels Plaza. Housekeeping was very good.",Â There is not possible open windows in the room. So all times we were only dependented on the air conditioning. Prices of bar and breakfast were a little bit more expensive. Design of furniture looks slightly obsolete.,8.0,Great building with beautiful view and  quality service
32,Germany,Double Room,2 nights ,July 2020,Family,"Â Location, staff and breakfast were excellent.",Â Lack of windows that can open.,10,Exceptional
33,Lithuania,Double Room Plus River View,3 nights ,August 2020,Couple,Â Take room with view to the river,,10,Exceptional
34,Slovenia,Double Room,2 nights ,July 2020,Family,Â Everyone was nice and take care of me and my family,,10,Top
35,Poland,Double Room,2 nights ,June 2020,Couple,"Â Staff, air con, bar, view, terrace, location.","Â Despite being really clean, room seamed getting flaky (walls especially).",9.0,Wonderful
36,United Kingdom,Double Room,4 nights ,June 2020,Couple,"Â Housekeeping staff very nice and helpful.
View from room.","Â Windows  are not sound proofing. With party on island  till 5am it is very difficult to sleep.
Beds need new mattresses and more pillows in room. With 4 stars iron and ironing board should be a standard in room.",8.0,Very Good
37,Czech Republic,Single Room Plus River View,1 night ,June 2020,Solo traveler,Â In the city center,,9.0,"Nice hotel , pleasant staff"
38,Lithuania,Double Room,1 night ,February 2020,Family,Â Good location. Comfortable room. Nice breakfast.,Â The hotel is charging for a baby crib...,8.0,Would stay there again
39,United Kingdom,Double Room,3 nights ,March 2020,Couple,"Â Big clean room, fabulous view, nice bar and restaurant, courteous staff, excellent central location.","Â Struggled to get coffee and milk supplies in the room, minor gripe but otherwise very nice hotel",10,Exceptional
40,United Kingdom,Double Room Plus River View,3 nights ,February 2020,Couple,Â Everything,Â Fantastic loved the place would go back for the hotel alone,10,Exceptional
41,Germany,Single Room,3 nights ,February 2020,Solo traveler,"Â Staff were very helpful, friendly and polite. Always smiling. 
Room was big, bed very comfortable.
Breakfast was great, lots of choices and plenty of food. 
The small bar was cozy and relaxing. 
Will definitely stay only here on my visits to Wroclaw.","Â Pet hate of mine, I do not like showers in the bath......!!
For a 4 star hotel I think the bathrooms maybe need up grading to walk in showers.",9.0,Just perfect
42,France,Double Room Plus River View,1 night ,February 2020,Couple,"Â -super view in the room. Room spacious, modern and comfortable.
-Service excellent, barmaid super ! 
-excellent location",Â Nothing :),10,Exceptional
43,United Kingdom,Double Room,1 night ,February 2020,Couple,"Â Last minute booking for the night before we left.
Clean, lovely staff. Decor a bit dated but otherwise perfect.",Â Decor slightly dated but otherwise nothing,9.6,Perfect
44,United Kingdom,Double Room,2 nights ,February 2020,Solo traveler,Â Good,Â Bed,9.2,Wonderful
45,Netherlands,Double Room,2 nights ,February 2020,Couple,Â Great location.,,8.0,Very Good
46,United Kingdom,Double Room,3 nights ,February 2020,Couple,"Â Location 
Quality 
Clean 
Friendly 
Great value","Â Hard to work out the facilityâ€™s without asking 
Not details in the room",9.6,Great location and hotel
47,United Kingdom,Twin Room,1 night ,February 2020,Group,Â Great location- close to the old town,,7.9,Good
48,United Kingdom,Double Room,3 nights ,February 2020,Couple,"Â Excellent location, spotlessy clean. Excellent choice at breakfast and staff couldnâ€™t have been more helpful",Â Nothing,10,Exceptional
49,United Kingdom,Single Room,1 night ,January 2020,Group,Â Comfortable hotel with friendly staff in good location. Good value for money,"Â The road outside is quite busy all night, ask for a room overlooking the river at the back of the hotel.",9.0,"Comfortable, clean hotel with friendly staff. Excellent value"
50,Ireland,Double Room,3 nights ,January 2020,Couple,"Â Spotless clean, really comfortable",Â Nothing,9.6,Excellent
51,Ireland,Twin Room,2 nights ,January 2020,Family,"Â Beautiful room and so spacious! Free [still and sparkling] water was left by the mirror, along with little sweets, which was so lovely after hours of travelling. The bed was large with two separate duvets, so I couldn't possibly ask for a more comfortable stay for two people! / Despite a late arrival (about 10PM), I was still able to order room service - and the food was absolutely incredible! The staff was also very friendly, and the location was near the Old Town as well as other places I had to go to. I will definitely stay here again, hopefully for a little longer too!",Â N/A,8.0,Brilliant!
52,United Kingdom,Double Room,3 nights ,January 2020,Couple,Â Great breakfast. Cocktails at the bar. Room view and great bed and shower,Â Nothing. All good,10,Exceptional
53,United Kingdom,Double Room,2 nights ,January 2020,Couple,Â Fantastic location. Staff were very accomodating. Room had a great river view. Extremely clean. Breakfast was a large selection. The hotel was definately 4 start standard. Would definately recommend.,Â The bathroom towels could do with being bigger,10,Exceptional
54,Latvia,Twin Room,1 night ,January 2020,Couple,"Â Nice place, close to historical objects, good breakfast",Â There wasnâ€™t mentioned in booking that you should pay for parking,9.6,Exceptional
55,Sweden,Single Room,2 nights ,January 2020,Solo traveler,Â I like the location and the bed.,Â I would be a plus with a gym for workout.,9.0,Wonderful
56,United States of America,Single Room,3 nights ,December 2019,Solo traveler,"Â Everything was fantastic! Food was great, room was great, The staff at the hotel was amazing. There is nothing they wouldnâ€™t do for you! Unfortunately i had a couple of incidents happening on my trip but the staff were very understanding and helpful, they made my stay feel that every penny was worth.","Â The location was not at a so great neighborhood, but they are attracting businesses and revamping what used to be a not so great area",9.6,Exceptional
57,Italy,Double Room,1 night ,December 2019,Couple,Â After renovation Park Plaza finally meets the level of other 4stars hotels in WrocÅ‚aw. Nice and clean room. Availability of tea& coffee machine.,,9.0,Wonderful
58,Poland,Double Room,2 nights ,January 2020,Couple,"Â Stuff, location, underground parking.",,10,The location is PERFECT.
59,Spain,Twin Room,1 night ,December 2019,Couple,"Â â€¢ It's just in the center
â€¢ Very nice and helpful people that work there",Â â€¢ Parking costed extra 50 PLN/night,10,Exceptional
60,Russia,Double Room,1 night ,December 2019,Family,"Â Gorgeous view, excellent location, good stuff",Â Long line at reception,9.2,Wonderful
61,United Kingdom,Twin Room,3 nights ,December 2019,Couple,"Â Good location just across the river from the main market square, only about a 20min walk. Room was really clean and comfortable. Breakfast was great, Overall great value for money",,8.3,Very Good
62,United States of America,Double Room,2 nights ,December 2019,Couple,"Â The location of the hotel and the room view was stunning. Main sqaure is about a 10min walk with a picturess view. The staff were very friendly and accomodating. The rooms were clean but a more up to date TV would inhance our stay.
Overall the experience was good and would come back again.","Â There was an event with loud music being hosted till midnight which could have been notified to guests. 
The parking and breakfast are very expensive which can turn the hotel stay a very costy experience. 
Another disadventage was that there was no gym in the hotel.",8.8,Couples break
63,Germany,Twin Room,1 night ,December 2019,Solo traveler,Â Very good breakfast and coffee. My stay was to short to see the spa.,,8.0,Good short stay
64,Poland,Double Room,1 night ,December 2019,Family,"Â The location of the hotel is very good, it has ground level and underground parking, clean rooms. We stayed in the beginning of December with my wife and kid and there was a  Christmas decorations, free ginger cookies and wonderful holiday spirit! The room itself was great, clean and tidy, AC working perfectly. The info channel is informing you with everything you can see or do in the city. The staff was friendly and helpful, perfect English. Good meals both at the restaurant in the evening and in the morning on breakfast. My family and I are very satisfied that we stayed at the hotel after a long car drive. Thanks everyone and happy holidays!!! Keep up the great work!","Â The parking system was blocking and needed to have the tickets manually validated by the security and reception. This is just a tip for improvement, not a complaint.",10,Exceptional
65,United Kingdom,Twin Room,3 nights ,December 2019,Family,"Â Well situated, great value for money, would highly recommend and definitely will be back",,10,5 stars
66,United Kingdom,Double Room,3 nights ,December 2019,Couple,"Â Great location, spectacular views, clean and comfortable.",,8.8,Excellent
67,Ireland,Double Room,2 nights ,December 2019,Couple,"Â Reception staff and bar staff were charming. Our waitress  on Saturday night for dinner was very helpful and pleasant.  I think her name was Pamela. 
Fantastic location . I would highly recommend this hotel.",Â Some of the staff at breakfast were grumpy/ abrupt in their manner.,9.6,Christmas market break
68,Czech Republic,Double Room,2 nights ,December 2019,Family,Â All was perfect. Hotel is very close to center. There is 50m tram stop if you don't walk at all :),,10,Exceptional
69,United States of America,Double Room,1 night ,November 2019,Couple,Â Great location and amazing views!,,10,Exceptional
70,United Kingdom,Double Room,2 nights ,November 2019,Group,Â The area is perfect with great secure parking! It is easy to grab a scooter and ride around the wonderful city with easy!,Â A little miss communication through the management staff and the floor staff. However it was sorted with haste.,9.2,Wonderful
71,Romania,Twin Room,1 night ,November 2019,Solo traveler,Â Evertyhing was perfect.,,10,Exceptional
72,Slovakia,Single Room,5 nights ,November 2019,Group,Â .,Â .,9.0,Wonderful
73,United Kingdom,Double Room,1 night ,November 2019,Couple,Â All perfect.very comfi rooms,Â Is nothing to dont like.all perfect,9.2,Wonderful
74,United Kingdom,Twin Room,1 night ,November 2019,Group,Â Staff were very friendly and helpful with info on places to visit. Good location and a great price.,,9.0,Wonderful
75,United Kingdom,Single Room,3 nights ,November 2019,Solo traveler,Â Centrally located. Was easy to get around by foot. Also I have to say the staff were super friendly and ready to accommodate any request. Above and beyond the call I would say. Reception and House Keeping! Just sayin!,"Â Honestly speaking but just as a personal preference they had the big square pillows which gave me neck pain but luckily they offered various other types that you could change for. Apart from that, it was awesome.",9.6,Exceptional
76,United Kingdom,Single Room,1 night ,November 2019,Solo traveler,Â everything,Â everything was fine,10,excellent staff and location
77,Ukraine,Single Room,2 nights ,October 2019,Solo traveler,"Â Very comfortable and silent hotel. Close to Botanical garden and city center. My room was on the corner with beautiful river view. Attentive staff, especially receptionist, who helped me with the room selection and city map. Tasty and rich breakfast. Comfortable pillows and mattress.",,10,Excellent value for money and comfortable rest
78,Canada,Double Room,2 nights ,September 2019,Couple,"Â Excellent location, underground parking.",,9.2,Wonderful
79,Romania,Twin Room,2 nights ,September 2019,Solo traveler,"Â The hotel is great, both inside and out. The room was spotlessly clean, very good comfort, perfect bed. The staff were fabulous and very helpful â€” thanks Marta! :-) The breakfast is awesome, great selection and many healthy options. The location is a 10-15 minute walk from the main square, which was lovely given the view of this city by day and by night. Parking is as advertised. Would definitely recommend.","Â To be fair, the riverside view is very pretty, but not as dramatic as the photos suggest. As a photographer I can understand why. :-) That being said, this hotel would still be my first choice in WrocÅ‚aw regardless of the room view.",10,Exceptional
80,United States of America,Double Room,5 nights ,August 2019,Couple,Â Location is just great!,"Â No power outlets near the bed, needed to get under the table in order to plug chargers, no way to place a phone near the bed when it's charging.",8.0,Good place to stay if you visiting Google Wroclaw.
81,Germany,Double Room,1 night ,August 2019,Group,"Â This is for me the best hotel in Wroclaw. The view to river is amazing, room is spacious and particularly the staff is really friendly.",Â Parking lot is too expensive,10,Exceptional
82,United Kingdom,Double Room,4 nights ,August 2019,Couple,"Â Very clean and tidy, great view on the river side.","Â A little bit of a walk into the main square (when it was hot), but not too far that you would need to get a bus/taxi.",8.8,4 day leisure stay
83,United Kingdom,Twin Room,1 night ,August 2019,Solo traveler,"Â I normally stay at the Q Hotel but I donâ€™t like itâ€™s location . This was a similar price . Room was lovely with city view. Breakfast looked amazing , I regretted not having it when I went to look around and saw the fabulous outdoor space in the sunshine on the river.",Â I found the evening receptionist cold and businesslike . I arrived at midnight after leaving home at 4pm . It would be nice to get a smile on arrival.,9.2,Nice modern hotel
84,Lithuania,Double Room,1 night ,August 2019,Group,Â Very good breakfast.,,8.3,Very Good
85,United Kingdom,Twin Room,3 nights ,August 2019,Couple,Â Close to all attractions,,7.9,Good
86,United Kingdom,Double Room,1 night ,August 2019,Family,"Â Amazing view, location, car park. Very comfortable room",,10,Exceptional
87,Czech Republic,Double Room,1 night ,August 2019,Couple,Â I couldnâ€™t have asked for better.. the location is great and the view is wonderful. The staff was nice and very professional. The hotel was clean and comfortable. All of this 15 minutes walking from Rynek.,,9.6,Weekend in Warsaw
88,Greece,Twin Room,2 nights ,August 2019,Family,"Â Very good breakfast, All staff were very friendly and professional. The hotel is a great choice.",,10,Exceptional
89,United Kingdom,Double Room,2 nights ,August 2019,Couple,Â We got a free upgrade to a larger room on arrival without asking. Breakfast was lovely so many choices.,,10,"Very good, would stay there again"
90,United Kingdom,Twin Room,3 nights ,August 2019,Group,"Â Lovely hotel, great breakfast , very friendly staff. Bedroom and bathroom excellent . Next to a nice park , and the river. will stay here again.",Â Nothing to dislike,9.2,SUPERB
91,Italy,Double Room,2 nights ,August 2019,Family,"Â Fabulous breakfast! Modern room and bathroom, recently renewed. Colazione favolosa! Camere e bagni moderni e rinnovati recentemente!",,10,Exceptional
92,United Kingdom,Superior Double Room,3 nights ,August 2019,Couple,Â Clean comfortable quality breakfast and excellent staff,Â Nothing,10,Exceptional
93,Ukraine,Twin Room,1 night ,July 2019,Group,"Â Great hotel, good breakfast, easy parking",,8.8,Excellent
94,Greece,Twin Room,1 night ,July 2019,Couple,"Â Near the city center, walking distance. Clean and comfortable rooms",,10,Exceptional
95,United Kingdom,Twin Room,1 night ,June 2019,Solo traveler,"Â breakfast was good ,so much to pick from and staff were great .",Â nothing,8.3,Very Good
96,Netherlands,Single Room,2 nights ,July 2019,Solo traveler,"Â Great location 
Beautiful view on the river
Friendly staff
Nice room",Â Curtains could be a bit thicker so they stop some light in the morning,8.8,Great place close to the center
97,United Kingdom,Double Room,2 nights ,July 2019,Couple,Â Location perfect for visiting the square and the islands. A lovely view over the river. Breakfast a great start to the day.,,9.6,A fantastic stay in a beautiful but still little known European destination.
98,Czech Republic,Twin Room,1 night ,July 2019,Solo traveler,Â The place is close to centrum. Friendly personal,Â Too soft bed. I can not sleep,9.2,Wonderful
99,Malta,Twin Room,2 nights ,June 2019,Family,,Â Breakfast could be better,7.5,Good
100,Czech Republic,Double Room,1 night ,July 2019,Family,"Â I liked the location of the hotel, breakfast, fast wifi and staff kindness.",Â You have to pay for baby crib,9.6,Great hotel in an ideal location to visit Wroclaw
101,United Kingdom,Double Room,1 night ,June 2019,Couple,"Â Great location, nice big room. Easy to find and close to town. Nice and friendly staff, when asked for an iron it was brought up to the room straight away. Lovely breakfast.",Â Breakfast and parking a bit pricey,9.6,Great hotel for lovely city break
102,United Kingdom,Twin Room,1 night ,July 2019,Solo traveler,Â Place was nice breakfast was beautiful but no toast for me .,Â Staff didn't understand me as I am Scottish but got there.,9.2,Wonderful
103,Ukraine,Double Room,4 nights ,June 2019,Family,Â The food was just perfect.,Â The air condition was always turn on when we return after walk. We stayed with child and did not want to turn it on.,8.3,Very Good
104,Estonia,Twin Room,1 night ,June 2019,Couple,Â Brekfest.,,10,Exceptional
105,Canada,Double Room,1 night ,June 2019,Family,Â East to find and close to most attractions.,Â Soap dispenser to hard to squeeze and no face cloths.,7.5,Good
106,United Kingdom,Twin Room,1 night ,June 2019,Couple,Â The location,"Â Price, lack of toothpaste and toothbrush",7.9,Good
107,Netherlands,Double Room,2 nights ,June 2019,Couple,Â It was super clean and location was excellent for me. Great service at the reception!,"Â Walking along the river was noisy and full of drunk, young people. We didn't really have time to explore more. We decided to have a drink at the hotel bar, which was really nice.",9.6,Exceptional
108,Slovakia,Double Room,2 nights ,June 2019,Group,Â Very nice hotel on very good place and with excellent breakfast .,,9.6,Exceptional
109,Bulgaria,Twin Room,4 nights ,June 2019,Group,"Â Location of the Hotel is perfect, 5 minutes walk from the city center. The hotel is nice and clean, with big parking. Breakfast is excellent.",,10,Nice hotel next to Wroclaw city center.
110,United Kingdom,Twin Room,3 nights ,June 2019,Group,"Â Good views of the river from the restaurant at Breakfast
Plenty of choice for breakfast 
Arranged taxis for Park run !","Â Ran out of shower gel in the shower. Probably need to check and refill everyday
Our room had a view of a busy road and factory, would have been much nicer to get the river view and old town",7.9,"Very pleasant short stay, Close to old Town we walked everyday to restaurants across the river"
111,United Kingdom,Double Room,4 nights ,June 2019,Couple,"Â Location
Cleanliness",Â Price of breakfast,9.2,Wonderful
112,Poland,Double Room,1 night ,June 2019,Couple,Â I love It,,10,Exceptional
113,South Africa,Twin Room,2 nights ,June 2019,Group,"Â Near the wonderfull old town. 
a
a",Â Nothing worth mentioning.,10,An excellent place where we will like to stay again. So comfortable with very helpful people.
114,Belarus,Double Room,1 night ,May 2019,Couple,"Â Friendly personal, good and secure parking, good location and awesone view to the river. Room design is quite good and modern.
Nice and confortable bed. Very good bath.","Â During the night two drunk people open my door at 5 floor with their own key and it was stressful.
.
Security level os ugly. It seems every key is the same for the whole room set within the floor.",9.6,"Excellent place, but lock door at room and use safe."
115,Italy,Double Room,2 nights ,May 2019,Group,Â The location and view was fantastic and enchanting.,,10,Exceptional
116,Canada,Single Room,2 nights ,May 2019,Solo traveler,"Â Great location, beautiful views, very clean, comfortable and a good breakfast. Easy and cheap parking.",Â Wi-Fi is very hit and miss in the rooms,9.6,Exceptional
117,Netherlands,Twin Room,2 nights ,May 2019,Solo traveler,"Â Floor heating bathroom,",,9.2,Wonderful
118,Austria,Double Room,1 night ,May 2019,Couple,"Â I had stayed this hotel several times before, this time I stayed refurbished room. Equipment of this room pretty new and bed would be better than before. 
Everything fine!!",Â The hotel room and staff were too good to say any complaint.,10,Exceptional
119,Ireland,Twin Room,2 nights ,May 2019,Family,"Â Lovely hotel, friendly staff, a short walk to Old Town. Excellent breakfast. Would recommend.","Â Had dinner in restaurant first night meal was lovely very enjoyable, but charged for bottled water  would not give us tap water when asked even though it was no problem to get it in other restaurants",10,Exceptional
120,United Kingdom,Single Room,2 nights ,May 2019,Solo traveler,"Â Very comfortable and warm, closed to my friends location",Â Not applicable,10,Exceptional
121,Finland,Twin Room,1 night ,April 2019,Couple,Â Very good food and breakfast also. Gl. bread ğŸ˜Š,,10,Exceptional
122,United Kingdom,Double Room,3 nights ,March 2019,Couple,,Â We thought there would be a gym as the description said fitness suite.,8.8,Great location to explore the city and good clean rooms.
123,United Arab Emirates,Twin Room,1 night ,March 2019,Group,Â Location is great near Odra river,Â Sigle bed very narrow aprox.80cm,7.9,Good
124,United Kingdom,Double Room,1 night ,March 2019,Couple,Â Staff all friendly and attentive,,10,Exceptional
125,United Kingdom,Twin Room,3 nights ,March 2019,Family,"Â Comfortable bed
Good sized room
Complimentary water
Great location",,10,Exceptional
126,United Kingdom,Double Room,1 night ,March 2019,Group,"Â Fell off the corner the bed , unexpectedly too soft!a quick",,7.9,A quick overnight stop for
127,United Kingdom,Double Room,1 night ,February 2019,Solo traveler,"Â Fabulous location, just outside the centre, but close to the Marina.
Breakfast and service very good.","Â A little tired/old fashioned in places, but renovation underway",7.9,Good
128,United Kingdom,Single Room,1 night ,February 2019,Solo traveler,Â Very nice staff and good location.,Â The quality of the restaurant food and breakfast was average.,7.5,"Nice staff and good location, average restaurant."
129,United Kingdom,Double Room,4 nights ,February 2019,Couple,"Â Clean, comfortable,very good value.Buffet breakfast was good every day,plenty of variety,fresh fruit daily.Late checkout when requested,no additional fee.ğŸ˜¥ğŸ˜",,8.8,"Good location for a city break,easy walking distance to all of the local sites.Very efficient staff,"
130,Belgium,Double Room,1 night ,January 2019,Family,Â friendly staff,Â all perfect,9.2,Wonderful
131,United Kingdom,Single Room,2 nights ,December 2018,Group,Â Everything,,10,Exceptional
132,Ireland,Twin Room,3 nights ,December 2018,Group,"Â Location 
Facilities","Â Bar area in lobby, not welcoming
Service in restaurant in evening",8.8,Christmas Market
133,Ireland,Double Room,3 nights ,January 2019,Couple,,Â The room was way to hot.,9.6,Exceptional
134,Israel,Double Room,2 nights ,December 2018,Couple,"Â Location is great! Walking distance from any point you want to go. Rich breakfast. Helpful and friendly staff. Room is nice and clean with amazing view of the river. Overall, i enjoyed the stay and would recommend!",Â The wellness center is far from expected.,9.6,Great value for money in great location!
135,Iceland,Double Room,3 nights ,December 2018,Couple,"Â Comfy bed , excellent breakfast and helpful staff",,10,Excellent
136,Poland,Double Room,1 night ,December 2018,Couple,"Â Great hotel, excellent location and amazing view from the hot room",,10,Exceptional
137,Italy,Twin Room,3 nights ,December 2018,Group,Â The position of the hotel was great near the center. the reception staff was friendly and helpful. the breakfast is very good with quality products,,9.2,Wonderful
138,Israel,Double Room,3 nights ,December 2018,Couple,Â Great location with views of the Old Town and the river. The hotel staff is also very pleasant and willing to help with any questions.,,10,"Excellent hotel with great location, clean and tidy rooms and amazing views."
139,United Kingdom,Twin Room,2 nights ,December 2018,Group,Â Great location about a 10 minute walk from the main square and easy to find. The staff more than happy to help with any concerns. Would recommend and definitely stay here again.,,10,Exceptional
140,Puerto Rico,Apartment,1 night ,December 2018,Group,"Â The room is amazing, perfectly clean, big. Breakfast have a little bit of everything. They have available a place to hold the luggage. It was peaceful, nice view","Â 1. The attendant didn't explain to me wifi password, check out, breakfast, etc. I had to ask for everything. 
2. There's only one small trash can away from the toilet or the room area.
3. Not enough places to connect electronical devices.",9.6,Exceptional
141,Ireland,Double Room,3 nights ,December 2018,Group,Â Comfort of beds,,7.5,Good
142,Germany,Twin Room,1 night ,November 2018,Solo traveler,Â Recieved free Upgrade to a really large room with nice river view,,9.2,Very good value for the Money
143,Ireland,Double Room,3 nights ,November 2018,Couple,Â Location was excellent,Â The rooms that are advertised are not the ones we got,7.9,Good
144,Ireland,Double Room,3 nights ,November 2018,Couple,"Â Brilliant location to market square! 
Staff were really friendly.
We ask for a late check out(2hours extra) and they gave it for free.",Â Plugs didnâ€™t work great in the room,10,Exceptional
145,Italy,Twin Room,1 night ,November 2018,Solo traveler,"Â Location wonderful, smiley people, great parking, spacious room, minifridge OK. Easy going. Breakfast abundant, plentyful.",,10,"I'll be back, see you guys again."
146,United Kingdom,Twin Room,2 nights ,November 2018,Group,"Â Hotel is fantastic. Staff went above & beyond. Hotel was clean, warm & location was incredible. Couldnâ€™t have asked for anymore. We will be back!","Â Nothing could have been improved. Hotel, staff & location were incredible.",10,Extremely impressed!
147,Latvia,Twin Room,1 night ,October 2018,Couple,Â Good breakfast.,Â All is OK!,7.5,I like this hotel!
148,Poland,Double Room,1 night ,October 2018,Solo traveler,Â The hotel's location is it's main advantage: wonderful view of riverside and only a few minutes away from the heart of WrocÅ‚aw. Comfortable rooms and great breakfast.,Â Interior design is a bit outdated.,10,As always a solid address in WrocÅ‚aw.
149,United Kingdom,Double Room,1 night ,October 2018,Couple,Â I was pleasantly surprised by the friendliness of the staff,Â Very disappointed with the hideous room design and the fact you cannot open the window to let some fresh air in. Ongoing work and scaffolding outside my window.,7.5,So last century design
150,Belgium,Single Room,1 night ,October 2018,Solo traveler,"Â Very nice , decent hotel with great location. Maybe it isnt vey modern, but very well managed. Nice, clean rooms, with great staff.",,8.8,Excellent
151,Serbia,Twin Room,1 night ,October 2018,Group,Â location,Â you can' t open the windows is room,9.2,Wonderful
152,United Kingdom,Single Room,1 night ,October 2018,Solo traveler,"Â The Room was very comfortable and the shower superb.
A lot of the signs were translated from Polish to English and another language.
Staff were very friendly and helpful","Â Couldn't change TV information guide from Polish to English and therefore could not access wifi.
Breakfast buffet had cold non crispy bacon and therefore not as described on the place menu.",8.3,Value for money
153,Ireland,Double Room,3 nights ,October 2018,Couple,"Â Lovely hotel on river two mins walk to university bridge and few minutes to town square. great holiday walking tours, make sure you enquire if water fountain light/music show is on well worth getting taxi there.  Hotel is very reasonable with only minutes from town or bridges over to churches brillant location. lovely breakfast and loads of different choices",Â nothing,9.6,lovely hotel near everything lovely view over the river with swans swimming
154,United Kingdom,Twin Room,2 nights ,October 2018,Solo traveler,Â Fantastic service and staff,Â It's a tiny bit dated inside,9.2,Great hotel
155,United Kingdom,Twin Room,3 nights ,October 2018,Couple,Â Breakfast was superb,Â Nothing,8.3,Very Good
156,Germany,Double Room,1 night ,October 2018,Couple,Â Very good location close to the center. Also really enjoyed breakfast.,Â If I have to name something - some details of the furniture and for example the water heater need renovation.,9.2,Wonderful
157,Poland,Twin Room,1 night ,September 2018,Solo traveler,"Â Very good breakfast, friendly staff, perfect location",Â Rooms are quite small and already quite used,8.8,Good choice if to stay in Wroclaw
158,Ireland,Double Room,3 nights ,September 2018,Couple,Â Location price quiet,,10,Great location & value
159,United Kingdom,Double Room,1 night ,August 2018,Family,"Â Comfortable hotel, very accommodating staff and great breakfast. Location is very good as well, especially for families with young children as there is a lovely playground on a little island next to the hotel.",Â A little dated and bathroom had some mould. Everything else was very good.,8.8,"Dated, but lovely hotel, good for families with young children"
160,Lebanon,Double Room,1 night ,August 2018,Group,Â All was nice and as expected,,10,Exceptional
161,Switzerland,Single Room,3 nights ,August 2018,Solo traveler,Â The view on the river and the university of Wroclaw was absolutely fantastic. The hotel was located just in the center of the city and great bars and restaurants were very close. The breakfast was good and the staff was very friendly.,"Â The wifi could have been better, but Wroclaw offers a nice city and especially the region around the river and the university invite for more than staying in the room surfing the web... ;-)",9.2,"Great place for a business travel, would chose this place again if I needed to come to Wroclaw again"
162,Switzerland,Twin Room,1 night ,August 2018,Group,"Â Great location, guarded parking, nice restaurant and good breakfast.","Â Very basic furniture in the room, no bathrobe (although there is a sauna) and no gym (although the hotel claims to be 4 stars).
First time in my life I saw a seal on the minibar :D Seriously? In the 4 star hotel?",7.5,Nice hotel in a great location!
163,Netherlands,Twin Room,1 night ,August 2018,Group,Â Perfect location to come by car and park at the hotel. From the hotel easy to walk into the city center of Wroclaw. Great breakfast on the terrace at the Oder river.,,9.6,Exceptional
164,Switzerland,Double Room,3 nights ,August 2018,Couple,Â Good location.  10min walk to The historical area.,Â Old decor in the rooms.  Stale smell.,7.9,Good
165,Austria,Twin Room,1 night ,July 2018,Solo traveler,"Â Air conditioned, spacey Room with Bathtub, smart tv and minibar. If youÂ´re lucky you get a room with cityview. Also very quiet.","Â Spa is very small and contains a very small Sauna, few showers and a tiny relaxing room-no pool or other facilities. No bathrobes in room or spa, so you have to get there in normal clothes. Treatments are available, but donÂ´t know how they are. Spa lady was very friendly and kind.",7.5,Good
166,Czech Republic,Double Room,1 night ,July 2018,Couple,Â The breakfast was absolutely amazing.,,7.9,Good
167,Australia,Twin Room,1 night ,October 2020,Couple,Â Hotel was clean and very close to Wroclaw University and the square.,"Â Check in process at the reception was very slow with a long queue. 
Only after I complained the second person was provided. Parking costs 60 zloty per day.",7.0,Reception staff need to improve their efficiency
168,Belgium,Double Room Plus River View,3 nights ,September 2020,Couple,"Â Nice rooms, beds, bathrooms and in general clean. Friendly staff that helped with overcrowded parking.","Â They should take care of little things when you ask. Sink leaking, safe not working, door hanging and not locking. After the wifi pass didn't work, I didn't bother anymore going to reception and just used tethering.",7.0,Solid stay
169,Poland,Twin Room,1 night ,August 2020,Couple,Â Great location!,"Â For this price I would expect breakfast, which was extra paid (as well as parking for guests)",7.0,Great location
170,Sweden,Double Room,1 night ,July 2020,Couple,Â Parking garage was excellent,Â This hotel boasts with 4 **** Stars..... Nothing cools be more untrue !  Theselius stars were provanalys ratens in the 1990-ies . Lobby and restaurant looked nice and modern and the hotel is located next to the river.  Our room was duett! Spiderweb Haninge from the bedlamps. The minibar was broken and it was full of water and mould. Horrible Actually! All furniture were dates and worn out. The beds passet their prime decades ago. The toiletseat was loose and there were cracks in the mirror. We checken out one day earlier than planned .  This hotel did certainly not live up to the four star rating !,1.0,Never again
171,Netherlands,Double Room,3 nights ,January 2020,Couple,,"Â Cleaning room was ridiculous. We encountered dirty glasses, dirty cups, cleaning cloth lying on the floor..., Etc. 
Children were running back and forth down the corridor and dogs were barking starting from 8am :(",6.7,Pleasant
172,United Kingdom,Single Room,2 nights ,December 2019,Solo traveler,Â The staff were very nice and helpful.,Â Presentation of the rooms was a little bit basic.,6.0,Okay.
173,Ireland,Twin Room,4 nights ,December 2019,Group,,"Â I booked a twin room, got to our room and there was a double bed. A lady came in to dress a bed couch for us. We asked to be given another room as we paid for two beds. Weâ€™re were then brought to another room with two single beds which were basically on top of each other (a double bed that they separated). Room heating wasnâ€™t working for one night.
Very disappointing",5.0,Disappointing
174,Australia,Twin Room,2 nights ,September 2019,Solo traveler,Â Location,Â Very uncomfortable bed. Foam mattress. Room bar sealed.,6.2,Pleasant
175,Czech Republic,Double Room,1 night ,July 2019,Family,Â the view was great and nice staffs,Â the bed was a bit uncomfortable,7.1,Good
176,Poland,Twin Room,1 night ,June 2019,Solo traveler,"Â Location, parking","Â Cleanieness, smell within the room. General feeling like in 70s/80s.",4.6,Disappointing
177,Poland,Twin Room,1 night ,April 2019,Group,,Â Almost everything ğŸ˜­,2.5,Very Poor
178,United Kingdom,Superior Double Room,3 nights ,March 2019,Couple,Â Great location,"Â Basic breakfast, tired decor, non-opening windows",4.2,"badly overpriced, very average service"
179,United States of America,Single Room,1 night ,April 2019,Solo traveler,Â Facilities were clean and well furnished.  The building is beautiful and in a great location.,Â There were no hygiene products available in the bathroom or wash cloths.  There was no airport shuttle available like the website claimed.,6.7,Pleasant
180,Poland,Single Room,1 night ,March 2019,Solo traveler,Â Biutyfull view from the the room on the river.,Â Hotel is currently under renovation.,5.4,Good but nothing special expect the view on the river.
181,Poland,Superior Double Room,1 night ,February 2019,Couple,Â The location and the breakfast are the best.,Â Too expensive for a hotel in Poland. For 495 pln by night the standard of the hotel should be higher and they charged different price from that one in booking.com,6.7,Good location but overpriced
182,Australia,Twin Room,2 nights ,October 2018,Couple,Â Location.,"Â The service lacked, staff were unfriendly, the hotel was extremely out dated. In fact I was shocked when we saw our room, something out of the 70's with a horrible view. Very disappointing experience...",4.2,High Priced outdated hotel
183,Germany,,2 nights ,August 2020,Solo traveler,Â The location and the river view from my room,,9.0,Wonderful
184,Lithuania,,1 night ,July 2020,Family,"Â comfortable, superb location, car parking (extra charge)","Â Very nice, except of the breakfast system which involved longy qeueing, all due to covid measures..",8.0,Comfortable at riverside
185,Germany,,1 night ,June 2020,Family,"Â The location was great, the hotel itself was very clean and close to the old town and other popular places of intrest.","Â When we first checked in, the lady who was checking us in at first was quite rude. She asked for my passport or ID card. Iâ€™m Canadian but Iâ€™m a permanent resident of Germany. Canadians are not allowed to travel to Poland at the moment so I was trying to give her my EU ID. She had no patience at all (my Eu Iâ€™d was in my wallet In my backpack)and was telling me to just give her my passport this was enough, if I had known that I would have done so right away. However as we stayed here on our way to Slovakia a week prior and was required to show my residence permit this is why I was getting it ready for her. She took my documentation and gave us our room keys. We went to the room, everything was pleasant and nice. However when we left I informed the lady at checkout we had three items from the mini bar, one cola, one vodka and one jack Daniels. I paid and just as I was about to leave her phone rang and she told me â€œmy colleague said you had two vodkasâ€. I said ok maybe my husband had one and I paid for it and left. Once my husband and I left the hotel I asked him, he said he did not have any vodka at all. I went back to explain this and the lady who was there checking me out was no longer there. I tried to talk to who was at the reception but she didnâ€™t understand me. So we left. It was probably a mistake with the Pepe who rented the room before us, or a housekeeping mistake regarding the vodka. We know we didnâ€™t have it, we paid for it anyways. Despite this one issue the hotel was great and we would stay again.",8.0,Very Good
186,Ireland,,2 nights ,January 2020,Solo traveler,Â I had a beautiful room with a view over the river There was complimentary water and tea making facilities as well as everything one could need for a short stay. The bed was very comfy and it was warm,Â I couldnâ€™t open the window Thatâ€™s all .,10,Exceptional
187,Germany,,3 nights ,December 2019,Group,Â Room was sound proof. Breakfast was good. Good connectivity to the city.,Â No windows in room for fresh air. No separate shampoo for hair. AC makes a lot of noise when turned high. Not much TV channels.,9.0,"Good place to stay. Though 4 star hotel, no windows to room and no separate hair shampoo."
188,Latvia,,5 nights ,November 2019,Solo traveler,,Â It was missing any kind of gym. Unfortunately No possibility for workout.,7.9,Good
189,United Kingdom,,3 nights ,October 2019,Solo traveler,Â Location ..walking distance to the city centre,"Â Limited breakfast choices e.g. no lactose free milk, no gluten free bread",9.2,Wonderful
190,Romania,,1 night ,August 2019,Couple,"Â Great location, the rooms are big and confortable and they have a great selection for breakfast",,9.2,Wonderful
191,Ireland,,1 night ,May 2019,Family,"Â Nice,clean,modern,very friendly staff, complimentary bottle of water in the room. Location-very good-close to city centre by walking.Best part-order a massage.Unbelievable.",,10,Go SPA!
192,Ireland,,2 nights ,January 2019,Couple,"Â Cleanliness, location.",Â -,8.8,"great location, good view from the room"
193,Luxembourg,,7 nights ,December 2018,Couple,"Â The location is very well in the meaning of clossiness to the main 'attractions' but itself rather ugly, apart from the river and its birds. Beds are very comfortable and the floor heating in the bathroom was a big + You have perfect cooks for the dinner, I'm really capricious but they (the dishes) were simply excellent, nice served and super tasty. The staff was excellent in general and had good linguistic skills.","Â We were proposed an exterior parking which was strange as it was paid anyway. Breakfasts were quite poor in choice and the coffee was simply horrible, as well as the wine. We were checked twice or thrice on leaving the hotel, also when leaving the parking which was a bit strange given I paid everything the day before. I also complain about people in the restaurant speaking very loud and sometimes in a rude tone, nobody making them any remark (both Poles as foreigners).",8.8,Excellent
194,United Kingdom,,3 nights ,December 2018,Group,"Â Itâ€™s lovely place to be 
Excellent location 
Friendly and professional staff",,10,Exceptional
195,United Kingdom,,7 nights ,September 2018,Couple,"Â The Hotel was in a prime location in Wroclaw, staff were friendly, breakfast was exellent. Very clean. Can't fault it.",Â The only thing I would mention is that our room overlooked the Odra river which we like but on a evening the Students congregate over the bridge drinking and playing loud music to 3am in the morning. This is out of the Hotels control and it would not stop me from going to the Hotel again. Didnt keep us awake due to double glazing. Could only hear constsnt thud.,9.6,Highly Recommend this Hotel.
196,Czech Republic,,1 night ,August 2018,Group,Â Absolutely perfect location next to river islands and city center. View from window is very nice.,,9.2,Wonderful
197,Germany,,1 night ,August 2020,Group,"Â Service was nice. Thank you Patricia.
Clean and very close to the city center",Â It was super cold - even with the Heater on,7.0,Good basic hotel with friendly staff
198,Ukraine,,2 nights ,September 2019,Couple,Â Nice view,Â Non-opening window system feels like office premises,6.2,Non-opening windows system in the hotel feels like office premises. It would be nice to have at least window leaf for a
199,Hungary,Double Room Plus River View,1 night ,November 2020,Couple,,,9.0,Wonderful
200,United Kingdom,Double Room Plus River View,4 nights ,October 2020,Group,,,10,Exceptional
201,Czech Republic,Double Room,1 night ,October 2020,Solo traveler,,,10,Exceptional
202,Libya,Double Room,1 night ,September 2020,Solo traveler,,,8.0,Very Good
203,Poland,Double Room,1 night ,July 2020,Couple,,,10,Exceptional
204,Poland,Double Room,1 night ,October 2020,Solo traveler,,,10,Exceptional
205,Poland,Double Room,5 nights ,October 2020,Solo traveler,,,9.0,Wonderful
206,Poland,Double Room,1 night ,September 2020,Couple,,,9.0,Wonderful
207,Poland,Twin Room,1 night ,September 2020,Family,,,10,Exceptional
208,Portugal,Double Room,2 nights ,August 2020,Couple,,,8.0,Very Good
209,United Kingdom,Double Room,1 night ,August 2020,Group,,,10,Exceptional
210,United Kingdom,Twin Room,1 night ,August 2020,Couple,,,8.0,Very Good
211,Czech Republic,Double Room Plus River View,1 night ,August 2020,Couple,,,10,Exceptional
212,United Kingdom,Double Room Plus River View,2 nights ,August 2020,Solo traveler,,,8.0,Very Good
213,United Kingdom,Single Room,4 nights ,August 2020,Solo traveler,,,9.0,Wonderful
214,Poland,Double Room Plus River View,1 night ,August 2020,Couple,,,10,Exceptional
215,Poland,Twin Room,2 nights ,July 2020,Solo traveler,,,8.0,Very Good
216,Poland,Twin Room,1 night ,July 2020,Group,,,9.0,Wonderful
217,Ireland,Double Room,2 nights ,July 2020,Solo traveler,,,9.0,Wonderful
218,Germany,Double Room,2 nights ,July 2020,Group,,,10,Exceptional
219,Czech Republic,Double Room,5 nights ,June 2020,Solo traveler,,,9.0,Wonderful
220,Germany,Single Room Plus River View,1 night ,February 2020,Solo traveler,,,9.6,Exceptional
221,United Kingdom,Single Room,3 nights ,February 2020,Solo traveler,,,7.5,Good
222,Poland,Single Room Plus River View,1 night ,February 2020,Solo traveler,,,10,Exceptional
223,United Kingdom,Double Room,1 night ,February 2020,Family,,,10,Exceptional
224,Ireland,Twin Room,3 nights ,February 2020,Family,,,8.0,Very Good
225,Portugal,Double Room,2 nights ,February 2020,Family,,,8.0,Very Good
226,Poland,Twin Room,1 night ,February 2020,Solo traveler,,,8.3,Very Good
227,United Kingdom,Single Room,3 nights ,December 2019,Solo traveler,,,8.0,Very Good
228,Poland,Twin Room,1 night ,January 2020,Family,,,9.2,Wonderful
229,Poland,Twin Room,1 night ,December 2019,Group,,,9.0,Wonderful
230,Iceland,Twin Room,10 nights ,December 2019,Group,,,10,Exceptional
231,United Kingdom,Double Room,4 nights ,January 2020,Couple,,,9.6,Exceptional
232,Lithuania,Double Room,1 night ,January 2020,Group,,,9.0,Wonderful
233,Poland,Double Room,1 night ,January 2020,Couple,,,9.6,Exceptional
234,Canada,Twin Room,10 nights ,January 2020,Family,,,10,Exceptional
235,Poland,Twin Room,1 night ,January 2020,Group,,,10,Exceptional
236,Ukraine,Twin Room,1 night ,December 2019,Solo traveler,,,8.3,Very Good
237,Poland,Double Room,1 night ,December 2019,Solo traveler,,,10,Exceptional
238,Norway,Double Room,3 nights ,December 2019,Group,,,8.0,Very Good
239,Ireland,Double Room,3 nights ,December 2019,Couple,,,10,Exceptional
240,Lithuania,Double Room,1 night ,November 2019,Solo traveler,,,7.5,Good
241,France,Twin Room,2 nights ,December 2019,Group,,,7.5,Good
242,United Kingdom,Twin Room,1 night ,November 2019,Group,,,7.5,Good
243,Poland,Double Room,1 night ,November 2019,Couple,,,10,Exceptional
244,Sweden,Double Room,1 night ,October 2019,Couple,,,9.6,Exceptional
245,Germany,Twin Room,2 nights ,October 2019,Solo traveler,,,9.2,Wonderful
246,Iceland,Double Room,5 nights ,October 2019,Couple,,,10,Exceptional
247,Israel,Twin Room,2 nights ,September 2019,Family,,,10,Exceptional
248,Australia,Double Room,1 night ,September 2019,Couple,,,10,Exceptional
249,Poland,Double Room,1 night ,September 2019,Family,,,10,Exceptional
250,Poland,Single Room,1 night ,September 2019,Solo traveler,,,9.2,Wonderful
251,Norway,Single Room,6 nights ,September 2019,Solo traveler,,,8.8,Excellent
252,United Kingdom,Double Room,1 night ,August 2019,Couple,,,10,Exceptional
253,Ireland,Double Room,3 nights ,August 2019,Group,,,10,Exceptional
254,Czech Republic,Double Room,1 night ,August 2019,Couple,,,9.2,Wonderful
255,Iceland,Twin Room,1 night ,August 2019,Couple,,,10,Exceptional
256,Czech Republic,Twin Room,1 night ,August 2019,Couple,,,7.9,Good
257,Ukraine,Twin Room,3 nights ,August 2019,Family,,,10,Exceptional
258,United Kingdom,Double Room,2 nights ,July 2019,Couple,,,9.6,Exceptional
259,United Kingdom,Double Room,1 night ,July 2019,Solo traveler,,,10,Exceptional
260,United Kingdom,Single Room,1 night ,July 2019,Group,,,7.9,Good
261,Sweden,Double Room,4 nights ,July 2019,Family,,,9.2,Wonderful
262,Germany,Twin Room,1 night ,June 2019,Solo traveler,,,10,Exceptional
263,United Kingdom,Double Room,1 night ,June 2019,Couple,,,9.2,Wonderful
264,Belgium,Single Room,3 nights ,July 2019,Solo traveler,,,9.2,Wonderful
265,United States of America,Twin Room,6 nights ,June 2019,Family,,,9.6,Exceptional
266,Lithuania,Double Room,3 nights ,July 2019,Couple,,,10,Exceptional
267,Sri Lanka,Twin Room,1 night ,June 2019,Solo traveler,,,9.6,Exceptional
268,United States of America,Twin Room,2 nights ,June 2019,Family,,,9.6,Exceptional
269,Poland,Twin Room,1 night ,June 2019,Solo traveler,,,8.8,Excellent
270,Czech Republic,Single Room,5 nights ,June 2019,Solo traveler,,,7.5,Good
271,Poland,Twin Room,1 night ,June 2019,Group,,,10,Exceptional
272,United Kingdom,Twin Room,3 nights ,May 2019,Family,,,8.3,Very Good
273,Australia,Double Room,3 nights ,April 2019,Couple,,,10,Exceptional
274,France,Single Room,7 nights ,March 2019,Solo traveler,,,7.9,Good
275,Brazil,Twin Room,1 night ,March 2019,Solo traveler,,,10,Exceptional
276,Poland,Twin Room,1 night ,March 2019,Solo traveler,,,8.8,Excellent
277,Latvia,Single Room,1 night ,January 2019,Solo traveler,,,9.2,Wonderful
278,Kuwait,Twin Room,1 night ,February 2019,Group,,,7.5,Good
279,Ireland,Single Room,4 nights ,February 2019,Group,,,10,Exceptional
280,Poland,Double Room,2 nights ,December 2018,Couple,,,7.9,Good
281,United Kingdom,Double Room,3 nights ,January 2019,Couple,,,9.2,Wonderful
282,Portugal,Twin Room,2 nights ,January 2019,Family,,,8.3,Very Good
283,Portugal,Twin Room,1 night ,January 2019,Family,,,8.3,Very Good
284,United Kingdom,Twin Room,2 nights ,January 2019,Solo traveler,,,10,Exceptional
285,India,Single Room,4 nights ,December 2018,Couple,,,9.6,Exceptional
286,India,Double Room,7 nights ,December 2018,Family,,,9.2,Wonderful
287,Poland,Single Room,3 nights ,December 2018,Solo traveler,,,9.6,Exceptional
288,Ireland,Single Room,4 nights ,December 2018,Solo traveler,,,7.5,Good
289,Qatar,Double Room,1 night ,December 2018,Couple,,,7.9,Good
290,Finland,Twin Room,1 night ,December 2018,Solo traveler,,,10,Exceptional
291,Ireland,Double Room,3 nights ,December 2018,Couple,,,8.3,Very Good
292,Poland,Twin Room,1 night ,November 2018,Solo traveler,,,9.6,Exceptional
293,Poland,Twin Room,1 night ,November 2018,Solo traveler,,,9.6,Exceptional
294,Portugal,Twin Room,3 nights ,November 2018,Solo traveler,,,10,"5 minutes to city center, this hotel have confort, nice people and always available to support you!"
295,Slovenia,Twin Room,1 night ,November 2018,Solo traveler,,,9.2,Wonderful
296,United Kingdom,Twin Room,1 night ,November 2018,Group,,,8.3,Very Good
297,Romania,Twin Room,2 nights ,November 2018,Solo traveler,,,8.8,Excellent
298,Denmark,Single Room,1 night ,November 2018,Solo traveler,,,9.6,Exceptional
299,United Kingdom,Twin Room,2 nights ,November 2018,Group,,,7.5,Very comfortable
300,Slovenia,Superior Double Room,1 night ,October 2018,Solo traveler,,,7.9,Good
301,Italy,Single Room,2 nights ,October 2018,Group,,,8.8,Excellent
302,Poland,Twin Room,1 night ,September 2018,Solo traveler,,,8.8,Excellent
303,United Kingdom,Single Room,1 night ,September 2018,Group,,,10,Exceptional
304,Belgium,Double Room,2 nights ,August 2018,Solo traveler,,,7.9,Good
305,United Kingdom,Double Room,6 nights ,September 2018,Couple,,,10,Exceptional
306,United Kingdom,Twin Room,1 night ,August 2018,Solo traveler,,,10,Exceptional
307,United Kingdom,Double Room,1 night ,August 2018,Couple,,,7.9,Good
308,Poland,Twin Room,1 night ,August 2018,Couple,,,8.3,Very Good
309,Poland,Double Room,1 night ,July 2018,Couple,,,7.5,Good
310,Netherlands,Twin Room,1 night ,July 2020,Solo traveler,,,7.0,Good
311,Switzerland,Single Room,1 night ,July 2020,Couple,,,2.0,Very Poor
312,Slovakia,Double Room Plus River View,2 nights ,January 2020,Couple,,,7.0,Good
313,Poland,Twin Room,2 nights ,December 2019,Family,,,5.0,Fair
314,Iceland,Double Room,2 nights ,November 2019,Group,,,7.0,Good
315,United States of America,Double Room,3 nights ,October 2019,Family,,,7.0,Good
316,Poland,Twin Room,1 night ,October 2019,Group,,,5.0,Fair
317,Germany,Twin Room,1 night ,July 2019,Solo traveler,,,7.1,Good
318,Poland,Double Room,1 night ,June 2019,Solo traveler,,,7.1,Good
319,Poland,Twin Room,2 nights ,December 2018,Solo traveler,,,6.2,Pleasant
